Song,Artist,Label,Genre,BPM,Key,Release Date,Price
My Gasoline Extended Mix ,"Maddix, Fēlēs",EXTATIC Records,Techno (Peak Time / Driving),140 BPM,Gb Major,2023-08-18,€2.39
RIDE OR DIE Extended Mix ,"HI-LO, Eli Brown",HILOMATIK,Techno (Peak Time / Driving),134 BPM,Gb Minor,2023-09-29,€2.39
Bloom Original Mix ,"Victor Ruiz, Modeā",Drumcode,Techno (Peak Time / Driving),132 BPM,Ab Minor,2023-09-22,€1.59
Time Original Mix ,Space 92,Drumcode,Techno (Peak Time / Driving),132 BPM,Ab Major,2023-09-08,€1.59
Diamonds On My Mind Extended Mix ,Eli Brown,Polydor Records,Techno (Peak Time / Driving),136 BPM,Bb Minor,2023-08-25,€1.59
Filthy Original Mix ,Mha Iri,Drumcode,Techno (Peak Time / Driving),138 BPM,Gb Major,2023-08-25,€1.59
The Unexpected Original Mix ,Mha Iri,Drumcode,Techno (Peak Time / Driving),135 BPM,G Minor,2023-08-25,€1.59
When I Rock A.D.H.S. Remix ,Thomas Schumacher,Electric Ballroom,A.D.H.S.,Techno (Peak Time / Driving),138 BPM - Bb Major,2023-09-22,
Human Robot Original Mix ,"Victor Ruiz, Alex Stein",VOLTA,Techno (Peak Time / Driving),132 BPM,F Major,2023-08-04,€1.39
"Dark Clouds (feat. Heerhorst, Peter Pahn) Original Mix ","Heerhorst, Teenage Mutants, PETER PAHN",Drumcode,Techno (Peak Time / Driving),135 BPM,G Major,2023-05-05,€1.39
One Pill Original Mix ,VNSSA,DIRTYBIRD,Techno (Peak Time / Driving),130 BPM,Gb Minor,2023-09-22,€1.59
Ode to Earth Original Mix ,Jay Lumen,Footwork,Techno (Peak Time / Driving),134 BPM,D Major,2023-09-22,€1.59
Emergency Original Mix ,Marco Faraone,Drumcode,Techno (Peak Time / Driving),133 BPM,A Major,2023-10-06,€2.39
Hell Or Heaven Original Mix ,T78,Autektone Records,Techno (Peak Time / Driving),138 BPM,D Minor,2023-10-02,€1.59
Metamorphosis Marie Vaunt Remix ,Belocca,Mainground Music,Marie Vaunt,Techno (Peak Time / Driving),136 BPM - Bb Minor,2023-06-09,
The Violator Original Mix ,Lilly Palmer,Spannung Records,Techno (Peak Time / Driving),138 BPM,E Minor,2023-09-15,€1.59
The Abyss Original Mix ,"Hardwell, Space 92",HILOMATIK,Techno (Peak Time / Driving),132 BPM,D Major,2023-08-04,€1.39
Heute Nacht Extended Mix ,Maddix,Revealed Recordings,Techno (Peak Time / Driving),135 BPM,Db Minor,2022-10-14,€1.39
Voyager Original Mix ,Space 92,Drumcode,Techno (Peak Time / Driving),132 BPM,Bb Major,2023-09-08,€1.59
The Age Of Love Charlotte de Witte & Enrico Sangiuliano Remix ,Age Of Love,DIKI Records Classics,"Enrico Sangiuliano, Charlotte de Witte",Techno (Peak Time / Driving),130 BPM - F Major,2021-08-13,
Escape Original Mix ,"Spartaque, Marie Vaunt",Modular States,Techno (Peak Time / Driving),91 BPM,Ab Major,2023-09-22,€1.59
Expand Now Original Mix ,"Township Rebellion, NoNameLeft",Truesoul,Techno (Peak Time / Driving),128 BPM,F Minor,2023-09-01,€1.59
Acid (All Night Long) Extended Mix ,GENESI (ITA),AETERNA Records,Techno (Peak Time / Driving),126 BPM,E Major,2023-08-18,€1.59
Adriana Said Original Mix ,"Township Rebellion, NoNameLeft",Truesoul,Techno (Peak Time / Driving),128 BPM,F Major,2023-09-01,€1.59
Phoney Original Mix ,Veerus,Le Club Records,Techno (Peak Time / Driving),132 BPM,E Major,2023-09-29,€1.59
Speak Up Original Mix ,Kos:mo,1605,Techno (Peak Time / Driving),136 BPM,Gb Major,2023-09-29,€2.39
Inferno Space 92 Remix ,"Carl Cox, Reinier Zonneveld, Christopher Coe",Filth on Acid,Space 92,Techno (Peak Time / Driving),134 BPM - Ab Major,2023-05-12,
Gravity Original Mix ,Space 92,Filth on Acid,Techno (Peak Time / Driving),132 BPM,G Major,2023-02-17,€1.39
Off World Original Mix ,Thomas Schumacher,Electric Ballroom,Techno (Peak Time / Driving),138 BPM,Ab Minor,2023-08-11,€1.39
Touch The Darkness Original Mix ,Victor Ruiz,VOLTA,Techno (Peak Time / Driving),135 BPM,G Major,2023-04-21,€1.39
Roll the Dice Original Mix ,Bart Skils,Drumcode,Techno (Peak Time / Driving),132 BPM,F Major,2023-03-24,€1.39
Believe Original Mix ,Eli Brown,Filth on Acid,Techno (Peak Time / Driving),132 BPM,Bb Major,2022-01-14,€1.39
Mercury Original Mix ,"HI-LO, Space 92",Filth on Acid,Techno (Peak Time / Driving),130 BPM,G Major,2022-08-12,€1.39
Tyson Patrik Berg Punch Version 2023 ,The YellowHeads,Reload Black Label,Patrik Berg,Techno (Peak Time / Driving),69 BPM - E Major,2023-10-05,
Control Original Mix ,TiM TASTE,Alula Tunes,Techno (Peak Time / Driving),128 BPM,A Major,2023-09-29,€2.39
Be Strong Original Mix ,Kos:mo,1605,Techno (Peak Time / Driving),132 BPM,F Major,2023-09-29,€2.39
Call Me Original Mix ,Marlon Hoffstadt,Method 808,Techno (Peak Time / Driving),145 BPM,G Major,2023-05-19,€1.39
Footmachine Original Mix ,UMEK,Drumcode,Techno (Peak Time / Driving),131 BPM,E Major,2023-06-30,€1.39
Love & Peace Original Mix ,"The Rocketman, VE/RA",3rd Dale Universe,Techno (Peak Time / Driving),140 BPM,Ab Minor,2023-02-10,€1.39
We Are The Dreamers Original Mix ,Ire Dreamer,RED CHANNEL RECORDS,Techno (Peak Time / Driving),130 BPM,D Major,2023-09-29,€2.39
Once Again Original Mix ,Jay Lumen,Footwork,Techno (Peak Time / Driving),140 BPM,Gb Major,2023-09-22,€1.59
Phantom Original Mix ,Layton Giordani,Drumcode,Techno (Peak Time / Driving),135 BPM,C Major,2023-06-02,€1.39
Imagination Original Mix ,Kaspar (DE),Terminal M,Techno (Peak Time / Driving),67 BPM,G Minor,2023-10-06,€2.39
Losing Gravity Original Mix ,Carbon,Senso Sounds,Techno (Peak Time / Driving),127 BPM,Gb Minor,2023-09-08,€1.59
Move Ya Body Original Mix ,"Deborah De Luca, Valeria Mancini",Solamente,Techno (Peak Time / Driving),140 BPM,Gb Major,2023-08-28,€1.59
Trouble so Hard Original Mix ,"UMEK, Matteo Vitanza",1605,Techno (Peak Time / Driving),133 BPM,Bb Major,2023-08-18,€2.39
Solar System Heerhorst Mix ,"Heerhorst, Gizmo & Mac",Codex Recordings,Techno (Peak Time / Driving),135 BPM,Ab Major,2023-09-29,€2.39
Tunnel Vision Original Mix ,Alex Stein,VOLTA,Techno (Peak Time / Driving),135 BPM,Ab Minor,2023-10-06,€2.39
Impossible Original Mix ,Lampe,Alula Tunes,Techno (Peak Time / Driving),127 BPM,D Major,2023-09-08,€1.59
Crave Original Mix ,"Thomas Schumacher, Lilly Palmer",Spannung Records,Techno (Peak Time / Driving),138 BPM,A Minor,2023-06-30,€1.39
Reflection Original Mix ,"Enrico Sangiuliano, Charlotte de Witte",NINETOZERO,Techno (Peak Time / Driving),134 BPM,E Minor,2023-03-17,€1.39
Aktivate Original Mix ,"UMEK, Sam WOLFE",1605,Techno (Peak Time / Driving),133 BPM,G Major,2023-09-15,€2.39
Run To The Rhythm Extended Mix ,LO'99,Medium Rare Recordings,Techno (Peak Time / Driving),130 BPM,A Minor,2023-07-20,€1.39
Cycle Of Life Original Mix ,Kaspar (DE),Terminal M,Techno (Peak Time / Driving),135 BPM,G Minor,2023-10-06,€2.39
Peaceful Warrior Original Mix ,Belocca,Mainground Music,Techno (Peak Time / Driving),132 BPM,G Major,2023-09-29,€1.59
Legends Original Mix ,"Gaga, Mateo!",EXTIMA,Techno (Peak Time / Driving),130 BPM,Db Minor,2023-09-08,€1.59
"Can't Stop, Won't Stop Original ",Perpetual Universe,Mainground Music,Techno (Peak Time / Driving),128 BPM,F Major,2023-09-08,€1.59
Robotic Arms Original Mix ,Adam Beyer,Drumcode,Techno (Peak Time / Driving),132 BPM,Ab Major,2023-07-28,€1.39
Life Moves Fast Original Mix ,Layton Giordani,Drumcode,Techno (Peak Time / Driving),130 BPM,G Major,2023-02-24,€1.39
Solar System Original Mix ,Gizmo & Mac,Codex Recordings,Techno (Peak Time / Driving),133 BPM,Ab Major,2023-09-29,€2.39
Our Happiness Extended Mix ,"Avao, The Rocketman",EXTATIC Records,Techno (Peak Time / Driving),150 BPM,B Minor,2023-08-25,€2.39
Dimension Original Mix ,Matrefakt,Gudu Records,Techno (Peak Time / Driving),133 BPM,G Major,2023-09-27,€1.59
Steam Room Original Mix ,"T78, FOLUAL",Autektone Records,Techno (Peak Time / Driving),135 BPM,A Major,2023-09-04,€1.59
Born Slippy Luca Morris Extended Remix ,Andrew Meller,Glasgow Underground,Luca Morris,Techno (Peak Time / Driving),130 BPM - Gb Major,2023-03-03,
Calm Original Mix ,"David Phoenix, 8kicks",AlpaKa MuziK,Techno (Peak Time / Driving),126 BPM,Ab Major,2023-09-29,€2.39
Element of Life Original Mix ,RSRRCT,Kraftek,Techno (Peak Time / Driving),134 BPM,A Minor,2023-09-29,€2.39
In My Hands (with Camden Cox) Original Mix ,Wax Motif,Insomniac Records,Techno (Peak Time / Driving),135 BPM,Ab Minor,2023-09-01,€1.59
Let the Good Times Roll Original Mix ,Mha Iri,Drumcode,Techno (Peak Time / Driving),135 BPM,G Minor,2023-08-25,€1.59
Rabbit Hole Original Mix ,"HI-LO, Layton Giordani",Drumcode,Techno (Peak Time / Driving),129 BPM,C Minor,2022-11-25,€1.39
Rave Adam Beyer & Layton Giordani Remix ,Sam Paganini,Drumcode,"Adam Beyer, Layton Giordani",Techno (Peak Time / Driving),131 BPM - Bb Major,2022-06-24,
Stereoscopic Original Mix ,BEC,Factory 93 Records,Techno (Peak Time / Driving),135 BPM,F Major,2023-09-22,€1.59
Artistic Insanity Original Mix ,Autul,IAMT,Techno (Peak Time / Driving),132 BPM,B Major,2023-09-15,€1.59
Overdrive Original Mix ,Charlotte de Witte,KNTXT,Techno (Peak Time / Driving),138 BPM,F Major,2023-05-17,€1.39
WANNA GO BANG Original Mix ,"HI-LO, DJ Deeon",Drumcode,Techno (Peak Time / Driving),132 BPM,G Minor,2022-10-07,€1.39
Colonia Original Mix ,Space 92,Factory 93 Records,Techno (Peak Time / Driving),132 BPM,Bb Major,2022-09-30,€2.39
Black & White Original Mix ,"Patrick Scuro, TIWEA",Animarum Recordings,Techno (Peak Time / Driving),134 BPM,Eb Major,2023-10-06,€1.59
"Singularity Clap Codex, Sabura Remix ","NoNameLeft, Flanko",Scander,"Sabura, Clap Codex",Techno (Peak Time / Driving),130 BPM - Db Major,2023-10-06,
Reminder Original Mix ,Patrik Berg,Exzess,Techno (Peak Time / Driving),137 BPM,Ab Minor,2023-09-15,€1.59
Speak To Me HI-LO Extended Remix ,Depeche Mode,Columbia (Sony),HI-LO,Techno (Peak Time / Driving),131 BPM - C Minor,2023-08-11,
LXR02 Original Mix ,Joyhauser,Terminal M,Techno (Peak Time / Driving),137 BPM,G Major,2023-06-23,€1.39
Feel It Original Mix ,Amelie Lens,Exhale,Techno (Peak Time / Driving),144 BPM,C Minor,2023-06-02,€1.39
Children Extended Mix ,"Robert Miles, Deborah De Luca",Smilax Records,Techno (Peak Time / Driving),135 BPM,F Minor,2022-08-15,€1.39
At The Party Original Mix ,Mauro Somm,EXTIMA,Techno (Peak Time / Driving),140 BPM,A Major,2023-09-22,€1.59
Sakura Extended Mix ,"AKKI (DE), Prinz (DE)",From The Soul,Techno (Peak Time / Driving),136 BPM,A Minor,2023-08-18,€1.59
High Street Original Mix ,Charlotte de Witte,KNTXT,Techno (Peak Time / Driving),138 BPM,C Minor,2023-04-21,€1.39
Singularity Original Mix ,"NoNameLeft, Flanko",Scander,Techno (Peak Time / Driving),128 BPM,Db Major,2023-10-06,€2.39
THE FUTURE EXTENDED MIX ,KILL SCRIPT,NIGHTMODE,Techno (Peak Time / Driving),132 BPM,G Major,2023-09-29,€1.59
Marili Original Mix ,Kos:mo,1605,Techno (Peak Time / Driving),132 BPM,D Major,2023-09-29,€2.39
Bass Is Pumping Original Mix ,Marlon Hoffstadt,Method 808,Techno (Peak Time / Driving),143 BPM,E Major,2023-04-21,€1.59
Smile You're On Acid Extended Mix ,Marie Vaunt,Revealed Recordings,Techno (Peak Time / Driving),136 BPM,Eb Major,2023-05-19,€2.39
Got to Be Maür Gulo Remix ,NAIMO,Infekted Records,MAÜR GULO,Techno (Peak Time / Driving),136 BPM - Ab Major,2023-10-06,
Like An Old Dog Enrico Sangiuliano Remix ,"Royksopp, Enrico Sangiuliano, Pixx",Dog Triumph Profound Mysteries,Enrico Sangiuliano,Techno (Peak Time / Driving),129 BPM - Bb Minor,2023-07-27,
CRESCENDO Original Mix ,HI-LO,Drumcode,Techno (Peak Time / Driving),131 BPM,F Major,2023-07-21,€1.39
Unravel Me Original Mix ,Kaufmann (DE),Senso Sounds,Techno (Peak Time / Driving),128 BPM,C Major,2023-03-24,€1.39
Reasons To Love You Extended Version ,Nicole Moudaber,Factory 93 Records,Techno (Peak Time / Driving),137 BPM,F Major,2023-10-06,€2.39
Dimension Metodi Hristov Remix ,Oliver Huntemann,Senso Sounds,Metodi Hristov,Techno (Peak Time / Driving),132 BPM - Ab Minor,2023-08-25,
Don't Stop Original Mix ,Charles D (USA),Drumcode,Techno (Peak Time / Driving),134 BPM,B Major,2023-08-11,€1.39
Cooper Original Mix ,Space 92,Filth on Acid,Techno (Peak Time / Driving),132 BPM,Ab Major,2023-02-17,€1.39
Reson8 Original Mix ,Alex Stein,VOLTA,Techno (Peak Time / Driving),134 BPM,G Major,2023-10-06,€2.39
The Procedure Original Mix ,"Heerhorst, Danny Avila (ES)",1605,Techno (Peak Time / Driving),133 BPM,Gb Major,2023-07-07,€2.39
